image,width,height,megapixels,gpu_kernel_ms,gpu_total_ms,cpu_ms,speedup_kernel,speedup_total,gpu_mpix_per_s,max_abs_diff,mismatch_pct,h2d_ms,gray_ms,histogram_ms,lut_ms,equalize_ms,blur_rows_ms,blur_cols_ms,sobel_ms,d2h_ms
synthetic_00_256x256.png,256,256,0.066,0.099,0.237,3.05,30.8,12.8,661.1,0,0.0,0.038,0.008,0.0205,0.0113,0.0155,0.0142,0.0164,0.0133,0.0924
synthetic_01_512x512.png,512,512,0.262,0.062,0.378,11.815,190.5,31.2,4227.0,2,0.0015,0.1095,0.0087,0.0072,0.0041,0.0041,0.0082,0.0154,0.0144,0.1979
synthetic_02_640x480.png,640,480,0.307,0.073,0.42,10.923,149.8,26.0,4212.4,0,0.0,0.1221,0.0115,0.0072,0.0031,0.0051,0.0184,0.0133,0.0143,0.2171
synthetic_03_800x600.png,800,600,0.48,0.051,0.539,20.093,395.4,37.3,9445.8,2,0.0021,0.1726,0.0058,0.0072,0.0041,0.0051,0.0102,0.0082,0.0102,0.3069
synthetic_04_1024x768.png,1024,768,0.786,0.066,0.768,29.544,446.0,38.5,11872.5,3,0.0017,0.2384,0.0087,0.0082,0.0031,0.0061,0.0133,0.0123,0.0146,0.4554
synthetic_05_1280x720.png,1280,720,0.922,0.071,0.881,33.877,480.1,38.5,13061.2,2,0.0012,0.2697,0.0081,0.0082,0.0041,0.0061,0.0154,0.0113,0.0174,0.5316
synthetic_06_1024x1024.png,1024,1024,1.049,0.081,0.982,29.64,367.6,30.2,13003.2,2,0.0017,0.3008,0.0102,0.009,0.0041,0.0061,0.0184,0.0133,0.0195,0.5924
synthetic_07_1600x1200.png,1600,1200,1.92,0.118,1.464,57.835,488.7,39.5,16225.0,2,0.0011,0.4955,0.0149,0.0103,0.004,0.0092,0.0287,0.0215,0.0297,0.8421
synthetic_08_1920x1080.png,1920,1080,2.074,0.122,1.582,59.186,486.7,37.4,17052.6,2,0.0015,0.5322,0.01,0.0112,0.0041,0.0102,0.0297,0.0225,0.0338,0.9202
synthetic_09_2048x1536.png,2048,1536,3.146,0.17,2.196,98.066,576.5,44.6,18492.1,2,0.0015,0.7769,0.0145,0.0133,0.0041,0.0133,0.043,0.0307,0.0512,1.241
synthetic_10_2560x1440.png,2560,1440,3.686,0.194,2.462,122.445,632.4,49.7,19038.2,2,0.0012,0.8973,0.0155,0.0154,0.0041,0.0143,0.0502,0.0358,0.0584,1.3627
synthetic_11_3840x2160.png,3840,2160,8.294,0.44,5.255,318.463,724.3,60.6,18863.3,2,0.0008,1.9888,0.0444,0.0276,0.0041,0.0256,0.1126,0.087,0.1382,2.8058
synthetic_12_4096x4096.png,4096,4096,16.777,1.219,10.735,851.825,698.7,79.4,13761.9,2,0.0011,3.9306,0.1705,0.0614,0.0042,0.0511,0.3052,0.3697,0.257,5.5619
